{"modelTopology": {"keras_version": "2.1.6-tf", "backend": "tensorflow", "model_config": {"class_name": "Model", "config": {"name": "model", "layers": [{"name": "input_2", "class_name": "InputLayer", "config": {"batch_input_shape": [null, 224, 224, 3], "dtype": "float32", "sparse": false, "name": "input_2"}, "inbound_nodes": []}, {"name": "conv1_pad", "class_name": "ZeroPadding2D", "config": {"name": "conv1_pad", "trainable": false, "dtype": "float32", "padding": [[0, 1], [0, 1]], "data_format": "channels_last"}, "inbound_nodes": [[["input_2", 0, 0, {}]]]}, {"name": "conv1", "class_name": "Conv2D", "config": {"name": "conv1", "trainable": false, "dtype": "float32", "filters": 32, "kernel_size": [3, 3], "strides": [2, 2], "padding": "valid", "data_format": "channels_last", "dilation_rate": [1, 1], "activation": "linear", "use_bias": false, "kernel_initializer": {"class_name": "GlorotUniform", "config": {"seed": null, "dtype": "float32"}}, "bias_initializer": {"class_name": "Zeros", "config": {"dtype": "float32"}}, "kernel_regularizer": null, "bias_regularizer": null, "activity_regularizer": null, "kernel_constraint": null, "bias_constraint": null}, "inbound_nodes": [[["conv1_pad", 0, 0, {}]]]}, {"name": "conv1_bn", "class_name": "BatchNormalization", "config": {"name": "conv1_bn", "trainable": false, "dtype": "float32", "axis": [3], "momentum": 0.99, "epsilon": 0.001, "center": true, "scale": true, "beta_initializer": {"class_name": "Zeros", "config": {"dtype": "float32"}}, "gamma_initializer": {"class_name": "Ones", "config": {"dtype": "float32"}}, "moving_mean_initializer": {"class_name": "Zeros", "config": {"dtype": "float32"}}, "moving_variance_initializer": {"class_name": "Ones", "config": {"dtype": "float32"}}, "beta_regularizer": null, "gamma_regularizer": null, "beta_constraint": null, "gamma_constraint": null}, "inbound_nodes": [[["conv1", 0, 0, {}]]]}, {"name": "conv1_relu", "class_name": "ReLU", "config": {"name": "conv1_relu", "trainable": false, "dtype": "float32", "max_value": 6, "negative_slope": {"type": "ndarray", "value": 0.0}, "threshold": {"type": "ndarray", "value": 0.0}}, "inbound_nodes": [[["conv1_bn", 0, 0, {}]]]}, {"name": "conv_dw_1", "class_name": "DepthwiseConv2D", "config": {"name": "conv_dw_1", "trainable": false, "dtype": "float32", "kernel_size": [3, 3], "strides": [1, 1], "padding": "same", "data_format": "channels_last", "dilation_rate": [1, 1], "activation": "linear", "use_bias": false, "bias_initializer": {"class_name": "Zeros", "config": {"dtype": "float32"}}, "bias_regularizer": null, "activity_regularizer": null, "bias_constraint": null, "depth_multiplier": 1, "depthwise_initializer": {"class_name": "GlorotUniform", "config": {"seed": null, "dtype": "float32"}}, "depthwise_regularizer": null, "depthwise_constraint": null}, "inbound_nodes": [[["conv1_relu", 0, 0, {}]]]}, {"name": "conv_dw_1_bn", "class_name": "BatchNormalization", "config": {"name": "conv_dw_1_bn", "trainable": false, "dtype": "float32", "axis": [3], "momentum": 0.99, "epsilon": 0.001, "center": true, "scale": true, "beta_initializer": {"class_name": "Zeros", "config": {"dtype": "float32"}}, "gamma_initializer": {"class_name": "Ones", "config": {"dtype": "float32"}}, "moving_mean_initializer": {"class_name": "Zeros", "config": {"dtype": "float32"}}, "moving_variance_initializer": {"class_name": "Ones", "config": {"dtype": "float32"}}, "beta_regularizer": null, "gamma_regularizer": null, "beta_constraint": null, "gamma_constraint": null}, "inbound_nodes": [[["conv_dw_1", 0, 0, {}]]]}, {"name": "conv_dw_1_relu", "class_name": "ReLU", "config": {"name": "conv_dw_1_relu", "trainable": false, "dtype": "float32", "max_value": 6, "negative_slope": {"type": "ndarray", "value": 0.0}, "threshold": {"type": "ndarray", "value": 0.0}}, "inbound_nodes": [[["conv_dw_1_bn", 0, 0, {}]]]}, {"name": "conv_pw_1", "class_name": "Conv2D", "config": {"name": "conv_pw_1", "trainable": false, "dtype": "float32", "filters": 64, "kernel_size": [1, 1], "strides": [1, 1], "padding": "same", "data_format": "channels_last", "dilation_rate": [1, 1], "activation": "linear", "use_bias": false, "kernel_initializer": {"class_name": "GlorotUniform", "config": {"seed": null, "dtype": "float32"}}, "bias_initializer": {"class_name": "Zeros", "config": {"dtype": "float32"}}, "kernel_regularizer": null, "bias_regularizer": null, "activity_regularizer": null, "kernel_constraint": null, "bias_constraint": null}, "inbound_nodes": [[["conv_dw_1_relu", 0, 0, {}]]]}, {"name": "conv_pw_1_bn", "class_name": "BatchNormalization", "config": {"name": "conv_pw_1_bn", "trainable": false, "dtype": "float32", "axis": [3], "momentum": 0.99, "epsilon": 0.001, "center": true, "scale": true, "beta_initializer": {"class_name": "Zeros", "config": {"dtype": "float32"}}, "gamma_initializer": {"class_name": "Ones", "config": {"dtype": "float32"}}, "moving_mean_initializer": {"class_name": "Zeros", "config": {"dtype": "float32"}}, "moving_variance_initializer": {"class_name": "Ones", "config": {"dtype": "float32"}}, "beta_regularizer": null, "gamma_regularizer": null, "beta_constraint": null, "gamma_constraint": null}, "inbound_nodes": [[["conv_pw_1", 0, 0, {}]]]}, {"name": "conv_pw_1_relu", "class_name": "ReLU", "config": {"name": "conv_pw_1_relu", "trainable": false, "dtype": "float32", "max_value": 6, "negative_slope": {"type": "ndarray", "value": 0.0}, "threshold": {"type": "ndarray", "value": 0.0}}, "inbound_nodes": [[["conv_pw_1_bn", 0, 0, {}]]]}, {"name": "conv_pad_2", "class_name": "ZeroPadding2D", "config": {"name": "conv_pad_2", "trainable": false, "dtype": "float32", "padding": [[0, 1], [0, 1]], "data_format": "channels_last"}, "inbound_nodes": [[["conv_pw_1_relu", 0, 0, {}]]]}, {"name": "conv_dw_2", "class_name": "DepthwiseConv2D", "config": {"name": "conv_dw_2", "trainable": false, "dtype": "float32", "kernel_size": [3, 3], "strides": [2, 2], "padding": "valid", "data_format": "channels_last", "dilation_rate": [1, 1], "activation": "linear", "use_bias": false, "bias_initializer": {"class_name": "Zeros", "config": {"dtype": "float32"}}, "bias_regularizer": null, "activity_regularizer": null, "bias_constraint": null, "depth_multiplier": 1, "depthwise_initializer": {"class_name": "GlorotUniform", "config": {"seed": null, "dtype": "float32"}}, "depthwise_regularizer": null, "depthwise_constraint": null}, "inbound_nodes": [[["conv_pad_2", 0, 0, {}]]]}, {"name": "conv_dw_2_bn", "class_name": "BatchNormalization", "config": {"name": "conv_dw_2_bn", "trainable": false, "dtype": "float32", "axis": [3], "momentum": 0.99, "epsilon": 0.001, "center": true, "scale": true, "beta_initializer": {"class_name": "Zeros", "config": {"dtype": "float32"}}, "gamma_initializer": {"class_name": "Ones", "config": {"dtype": "float32"}}, "moving_mean_initializer": {"class_name": "Zeros", "config": {"dtype": "float32"}}, "moving_variance_initializer": {"class_name": "Ones", "config": {"dtype": "float32"}}, "beta_regularizer": null, "gamma_regularizer": null, "beta_constraint": null, "gamma_constraint": null}, "inbound_nodes": [[["conv_dw_2", 0, 0, {}]]]}, {"name": "conv_dw_2_relu", "class_name": "ReLU", "config": {"name": "conv_dw_2_relu", "trainable": false, "dtype": "float32", "max_value": 6, "negative_slope": {"type": "ndarray", "value": 0.0}, "threshold": {"type": "ndarray", "value": 0.0}}, "inbound_nodes": [[["conv_dw_2_bn", 0, 0, {}]]]}, {"name": "conv_pw_2", "class_name": "Conv2D", "config": {"name": "conv_pw_2", "trainable": false, "dtype": "float32", "filters": 128, "kernel_size": [1, 1], "strides": [1, 1], "padding": "same", "data_format": "channels_last", "dilation_rate": [1, 1], "activation": "linear", "use_bias": false, "kernel_initializer": {"class_name": "GlorotUniform", "config": {"seed": null, "dtype": "float32"}}, "bias_initializer": {"class_name": "Zeros", "config": {"dtype": "float32"}}, "kernel_regularizer": null, "bias_regularizer": null, "activity_regularizer": null, "kernel_constraint": null, "bias_constraint": null}, "inbound_nodes": [[["conv_dw_2_relu", 0, 0, {}]]]}, {"name": "conv_pw_2_bn", "class_name": "BatchNormalization", "config": {"name": "conv_pw_2_bn", "trainable": false, "dtype": "float32", "axis": [3], "momentum": 0.99, "epsilon": 0.001, "center": true, "scale": true, "beta_initializer": {"class_name": "Zeros", "config": {"dtype": "float32"}}, "gamma_initializer": {"class_name": "Ones", "config": {"dtype": "float32"}}, "moving_mean_initializer": {"class_name": "Zeros", "config": {"dtype": "float32"}}, "moving_variance_initializer": {"class_name": "Ones", "config": {"dtype": "float32"}}, "beta_regularizer": null, "gamma_regularizer": null, "beta_constraint": null, "gamma_constraint": null}, "inbound_nodes": [[["conv_pw_2", 0, 0, {}]]]}, {"name": "conv_pw_2_relu", "class_name": "ReLU", "config": {"name": "conv_pw_2_relu", "trainable": false, "dtype": "float32", "max_value": 6, "negative_slope": {"type": "ndarray", "value": 0.0}, "threshold": {"type": "ndarray", "value": 0.0}}, "inbound_nodes": [[["conv_pw_2_bn", 0, 0, {}]]]}, {"name": "conv_dw_3", "class_name": "DepthwiseConv2D", "config": {"name": "conv_dw_3", "trainable": false, "dtype": "float32", "kernel_size": [3, 3], "strides": [1, 1], "padding": "same", "data_format": "channels_last", "dilation_rate": [1, 1], "activation": "linear", "use_bias": false, "bias_initializer": {"class_name": "Zeros", "config": {"dtype": "float32"}}, "bias_regularizer": null, "activity_regularizer": null, "bias_constraint": null, "depth_multiplier": 1, "depthwise_initializer": {"class_name": "GlorotUniform", "config": {"seed": null, "dtype": "float32"}}, "depthwise_regularizer": null, "depthwise_constraint": null}, "inbound_nodes": [[["conv_pw_2_relu", 0, 0, {}]]]}, {"name": "conv_dw_3_bn", "class_name": "BatchNormalization", "config": {"name": "conv_dw_3_bn", "trainable": false, "dtype": "float32", "axis": [3], "momentum": 0.99, "epsilon": 0.001, "center": true, "scale": true, "beta_initializer": {"class_name": "Zeros", "config": {"dtype": "float32"}}, "gamma_initializer": {"class_name": "Ones", "config": {"dtype": "float32"}}, "moving_mean_initializer": {"class_name": "Zeros", "config": {"dtype": "float32"}}, "moving_variance_initializer": {"class_name": "Ones", "config": {"dtype": "float32"}}, "beta_regularizer": null, "gamma_regularizer": null, "beta_constraint": null, "gamma_constraint": null}, "inbound_nodes": [[["conv_dw_3", 0, 0, {}]]]}, {"name": "conv_dw_3_relu", "class_name": "ReLU", "config": {"name": "conv_dw_3_relu", "trainable": true, "dtype": "float32", "max_value": 6, "negative_slope": {"type": "ndarray", "value": 0.0}, "threshold": {"type": "ndarray", "value": 0.0}}, "inbound_nodes": [[["conv_dw_3_bn", 0, 0, {}]]]}, {"name": "conv_pw_3", "class_name": "Conv2D", "config": {"name": "conv_pw_3", "trainable": true, "dtype": "float32", "filters": 128, "kernel_size": [1, 1], "strides": [1, 1], "padding": "same", "data_format": "channels_last", "dilation_rate": [1, 1], "activation": "linear", "use_bias": false, "kernel_initializer": {"class_name": "GlorotUniform", "config": {"seed": null, "dtype": "float32"}}, "bias_initializer": {"class_name": "Zeros", "config": {"dtype": "float32"}}, "kernel_regularizer": null, "bias_regularizer": null, "activity_regularizer": null, "kernel_constraint": null, "bias_constraint": null}, "inbound_nodes": [[["conv_dw_3_relu", 0, 0, {}]]]}, {"name": "conv_pw_3_bn", "class_name": "BatchNormalization", "config": {"name": "conv_pw_3_bn", "trainable": true, "dtype": "float32", "axis": [3], "momentum": 0.99, "epsilon": 0.001, "center": true, "scale": true, "beta_initializer": {"class_name": "Zeros", "config": {"dtype": "float32"}}, "gamma_initializer": {"class_name": "Ones", "config": {"dtype": "float32"}}, "moving_mean_initializer": {"class_name": "Zeros", "config": {"dtype": "float32"}}, "moving_variance_initializer": {"class_name": "Ones", "config": {"dtype": "float32"}}, "beta_regularizer": null, "gamma_regularizer": null, "beta_constraint": null, "gamma_constraint": null}, "inbound_nodes": [[["conv_pw_3", 0, 0, {}]]]}, {"name": "conv_pw_3_relu", "class_name": "ReLU", "config": {"name": "conv_pw_3_relu", "trainable": true, "dtype": "float32", "max_value": 6, "negative_slope": {"type": "ndarray", "value": 0.0}, "threshold": {"type": "ndarray", "value": 0.0}}, "inbound_nodes": [[["conv_pw_3_bn", 0, 0, {}]]]}, {"name": "conv_pad_4", "class_name": "ZeroPadding2D", "config": {"name": "conv_pad_4", "trainable": true, "dtype": "float32", "padding": [[0, 1], [0, 1]], "data_format": "channels_last"}, "inbound_nodes": [[["conv_pw_3_relu", 0, 0, {}]]]}, {"name": "conv_dw_4", "class_name": "DepthwiseConv2D", "config": {"name": "conv_dw_4", "trainable": true, "dtype": "float32", "kernel_size": [3, 3], "strides": [2, 2], "padding": "valid", "data_format": "channels_last", "dilation_rate": [1, 1], "activation": "linear", "use_bias": false, "bias_initializer": {"class_name": "Zeros", "config": {"dtype": "float32"}}, "bias_regularizer": null, "activity_regularizer": null, "bias_constraint": null, "depth_multiplier": 1, "depthwise_initializer": {"class_name": "GlorotUniform", "config": {"seed": null, "dtype": "float32"}}, "depthwise_regularizer": null, "depthwise_constraint": null}, "inbound_nodes": [[["conv_pad_4", 0, 0, {}]]]}, {"name": "conv_dw_4_bn", "class_name": "BatchNormalization", "config": {"name": "conv_dw_4_bn", "trainable": true, "dtype": "float32", "axis": [3], "momentum": 0.99, "epsilon": 0.001, "center": true, "scale": true, "beta_initializer": {"class_name": "Zeros", "config": {"dtype": "float32"}}, "gamma_initializer": {"class_name": "Ones", "config": {"dtype": "float32"}}, "moving_mean_initializer": {"class_name": "Zeros", "config": {"dtype": "float32"}}, "moving_variance_initializer": {"class_name": "Ones", "config": {"dtype": "float32"}}, "beta_regularizer": null, "gamma_regularizer": null, "beta_constraint": null, "gamma_constraint": null}, "inbound_nodes": [[["conv_dw_4", 0, 0, {}]]]}, {"name": "conv_dw_4_relu", "class_name": "ReLU", "config": {"name": "conv_dw_4_relu", "trainable": true, "dtype": "float32", "max_value": 6, "negative_slope": {"type": "ndarray", "value": 0.0}, "threshold": {"type": "ndarray", "value": 0.0}}, "inbound_nodes": [[["conv_dw_4_bn", 0, 0, {}]]]}, {"name": "conv_pw_4", "class_name": "Conv2D", "config": {"name": "conv_pw_4", "trainable": true, "dtype": "float32", "filters": 256, "kernel_size": [1, 1], "strides": [1, 1], "padding": "same", "data_format": "channels_last", "dilation_rate": [1, 1], "activation": "linear", "use_bias": false, "kernel_initializer": {"class_name": "GlorotUniform", "config": {"seed": null, "dtype": "float32"}}, "bias_initializer": {"class_name": "Zeros", "config": {"dtype": "float32"}}, "kernel_regularizer": null, "bias_regularizer": null, "activity_regularizer": null, "kernel_constraint": null, "bias_constraint": null}, "inbound_nodes": [[["conv_dw_4_relu", 0, 0, {}]]]}, {"name": "conv_pw_4_bn", "class_name": "BatchNormalization", "config": {"name": "conv_pw_4_bn", "trainable": true, "dtype": "float32", "axis": [3], "momentum": 0.99, "epsilon": 0.001, "center": true, "scale": true, "beta_initializer": {"class_name": "Zeros", "config": {"dtype": "float32"}}, "gamma_initializer": {"class_name": "Ones", "config": {"dtype": "float32"}}, "moving_mean_initializer": {"class_name": "Zeros", "config": {"dtype": "float32"}}, "moving_variance_initializer": {"class_name": "Ones", "config": {"dtype": "float32"}}, "beta_regularizer": null, "gamma_regularizer": null, "beta_constraint": null, "gamma_constraint": null}, "inbound_nodes": [[["conv_pw_4", 0, 0, {}]]]}, {"name": "conv_pw_4_relu", "class_name": "ReLU", "config": {"name": "conv_pw_4_relu", "trainable": true, "dtype": "float32", "max_value": 6, "negative_slope": {"type": "ndarray", "value": 0.0}, "threshold": {"type": "ndarray", "value": 0.0}}, "inbound_nodes": [[["conv_pw_4_bn", 0, 0, {}]]]}, {"name": "conv_dw_5", "class_name": "DepthwiseConv2D", "config": {"name": "conv_dw_5", "trainable": true, "dtype": "float32", "kernel_size": [3, 3], "strides": [1, 1], "padding": "same", "data_format": "channels_last", "dilation_rate": [1, 1], "activation": "linear", "use_bias": false, "bias_initializer": {"class_name": "Zeros", "config": {"dtype": "float32"}}, "bias_regularizer": null, "activity_regularizer": null, "bias_constraint": null, "depth_multiplier": 1, "depthwise_initializer": {"class_name": "GlorotUniform", "config": {"seed": null, "dtype": "float32"}}, "depthwise_regularizer": null, "depthwise_constraint": null}, "inbound_nodes": [[["conv_pw_4_relu", 0, 0, {}]]]}, {"name": "conv_dw_5_bn", "class_name": "BatchNormalization", "config": {"name": "conv_dw_5_bn", "trainable": true, "dtype": "float32", "axis": [3], "momentum": 0.99, "epsilon": 0.001, "center": true, "scale": true, "beta_initializer": {"class_name": "Zeros", "config": {"dtype": "float32"}}, "gamma_initializer": {"class_name": "Ones", "config": {"dtype": "float32"}}, "moving_mean_initializer": {"class_name": "Zeros", "config": {"dtype": "float32"}}, "moving_variance_initializer": {"class_name": "Ones", "config": {"dtype": "float32"}}, "beta_regularizer": null, "gamma_regularizer": null, "beta_constraint": null, "gamma_constraint": null}, "inbound_nodes": [[["conv_dw_5", 0, 0, {}]]]}, {"name": "conv_dw_5_relu", "class_name": "ReLU", "config": {"name": "conv_dw_5_relu", "trainable": true, "dtype": "float32", "max_value": 6, "negative_slope": {"type": "ndarray", "value": 0.0}, "threshold": {"type": "ndarray", "value": 0.0}}, "inbound_nodes": [[["conv_dw_5_bn", 0, 0, {}]]]}, {"name": "conv_pw_5", "class_name": "Conv2D", "config": {"name": "conv_pw_5", "trainable": true, "dtype": "float32", "filters": 256, "kernel_size": [1, 1], "strides": [1, 1], "padding": "same", "data_format": "channels_last", "dilation_rate": [1, 1], "activation": "linear", "use_bias": false, "kernel_initializer": {"class_name": "GlorotUniform", "config": {"seed": null, "dtype": "float32"}}, "bias_initializer": {"class_name": "Zeros", "config": {"dtype": "float32"}}, "kernel_regularizer": null, "bias_regularizer": null, "activity_regularizer": null, "kernel_constraint": null, "bias_constraint": null}, "inbound_nodes": [[["conv_dw_5_relu", 0, 0, {}]]]}, {"name": "conv_pw_5_bn", "class_name": "BatchNormalization", "config": {"name": "conv_pw_5_bn", "trainable": true, "dtype": "float32", "axis": [3], "momentum": 0.99, "epsilon": 0.001, "center": true, "scale": true, "beta_initializer": {"class_name": "Zeros", "config": {"dtype": "float32"}}, "gamma_initializer": {"class_name": "Ones", "config": {"dtype": "float32"}}, "moving_mean_initializer": {"class_name": "Zeros", "config": {"dtype": "float32"}}, "moving_variance_initializer": {"class_name": "Ones", "config": {"dtype": "float32"}}, "beta_regularizer": null, "gamma_regularizer": null, "beta_constraint": null, "gamma_constraint": null}, "inbound_nodes": [[["conv_pw_5", 0, 0, {}]]]}, {"name": "conv_pw_5_relu", "class_name": "ReLU", "config": {"name": "conv_pw_5_relu", "trainable": true, "dtype": "float32", "max_value": 6, "negative_slope": {"type": "ndarray", "value": 0.0}, "threshold": {"type": "ndarray", "value": 0.0}}, "inbound_nodes": [[["conv_pw_5_bn", 0, 0, {}]]]}, {"name": "conv_pad_6", "class_name": "ZeroPadding2D", "config": {"name": "conv_pad_6", "trainable": true, "dtype": "float32", "padding": [[0, 1], [0, 1]], "data_format": "channels_last"}, "inbound_nodes": [[["conv_pw_5_relu", 0, 0, {}]]]}, {"name": "conv_dw_6", "class_name": "DepthwiseConv2D", "config": {"name": "conv_dw_6", "trainable": true, "dtype": "float32", "kernel_size": [3, 3], "strides": [2, 2], "padding": "valid", "data_format": "channels_last", "dilation_rate": [1, 1], "activation": "linear", "use_bias": false, "bias_initializer": {"class_name": "Zeros", "config": {"dtype": "float32"}}, "bias_regularizer": null, "activity_regularizer": null, "bias_constraint": null, "depth_multiplier": 1, "depthwise_initializer": {"class_name": "GlorotUniform", "config": {"seed": null, "dtype": "float32"}}, "depthwise_regularizer": null, "depthwise_constraint": null}, "inbound_nodes": [[["conv_pad_6", 0, 0, {}]]]}, {"name": "conv_dw_6_bn", "class_name": "BatchNormalization", "config": {"name": "conv_dw_6_bn", "trainable": true, "dtype": "float32", "axis": [3], "momentum": 0.99, "epsilon": 0.001, "center": true, "scale": true, "beta_initializer": {"class_name": "Zeros", "config": {"dtype": "float32"}}, "gamma_initializer": {"class_name": "Ones", "config": {"dtype": "float32"}}, "moving_mean_initializer": {"class_name": "Zeros", "config": {"dtype": "float32"}}, "moving_variance_initializer": {"class_name": "Ones", "config": {"dtype": "float32"}}, "beta_regularizer": null, "gamma_regularizer": null, "beta_constraint": null, "gamma_constraint": null}, "inbound_nodes": [[["conv_dw_6", 0, 0, {}]]]}, {"name": "conv_dw_6_relu", "class_name": "ReLU", "config": {"name": "conv_dw_6_relu", "trainable": true, "dtype": "float32", "max_value": 6, "negative_slope": {"type": "ndarray", "value": 0.0}, "threshold": {"type": "ndarray", "value": 0.0}}, "inbound_nodes": [[["conv_dw_6_bn", 0, 0, {}]]]}, {"name": "conv_pw_6", "class_name": "Conv2D", "config": {"name": "conv_pw_6", "trainable": true, "dtype": "float32", "filters": 512, "kernel_size": [1, 1], "strides": [1, 1], "padding": "same", "data_format": "channels_last", "dilation_rate": [1, 1], "activation": "linear", "use_bias": false, "kernel_initializer": {"class_name": "GlorotUniform", "config": {"seed": null, "dtype": "float32"}}, "bias_initializer": {"class_name": "Zeros", "config": {"dtype": "float32"}}, "kernel_regularizer": null, "bias_regularizer": null, "activity_regularizer": null, "kernel_constraint": null, "bias_constraint": null}, "inbound_nodes": [[["conv_dw_6_relu", 0, 0, {}]]]}, {"name": "conv_pw_6_bn", "class_name": "BatchNormalization", "config": {"name": "conv_pw_6_bn", "trainable": true, "dtype": "float32", "axis": [3], "momentum": 0.99, "epsilon": 0.001, "center": true, "scale": true, "beta_initializer": {"class_name": "Zeros", "config": {"dtype": "float32"}}, "gamma_initializer": {"class_name": "Ones", "config": {"dtype": "float32"}}, "moving_mean_initializer": {"class_name": "Zeros", "config": {"dtype": "float32"}}, "moving_variance_initializer": {"class_name": "Ones", "config": {"dtype": "float32"}}, "beta_regularizer": null, "gamma_regularizer": null, "beta_constraint": null, "gamma_constraint": null}, "inbound_nodes": [[["conv_pw_6", 0, 0, {}]]]}, {"name": "conv_pw_6_relu", "class_name": "ReLU", "config": {"name": "conv_pw_6_relu", "trainable": true, "dtype": "float32", "max_value": 6, "negative_slope": {"type": "ndarray", "value": 0.0}, "threshold": {"type": "ndarray", "value": 0.0}}, "inbound_nodes": [[["conv_pw_6_bn", 0, 0, {}]]]}, {"name": "conv_dw_7", "class_name": "DepthwiseConv2D", "config": {"name": "conv_dw_7", "trainable": true, "dtype": "float32", "kernel_size": [3, 3], "strides": [1, 1], "padding": "same", "data_format": "channels_last", "dilation_rate": [1, 1], "activation": "linear", "use_bias": false, "bias_initializer": {"class_name": "Zeros", "config": {"dtype": "float32"}}, "bias_regularizer": null, "activity_regularizer": null, "bias_constraint": null, "depth_multiplier": 1, "depthwise_initializer": {"class_name": "GlorotUniform", "config": {"seed": null, "dtype": "float32"}}, "depthwise_regularizer": null, "depthwise_constraint": null}, "inbound_nodes": [[["conv_pw_6_relu", 0, 0, {}]]]}, {"name": "conv_dw_7_bn", "class_name": "BatchNormalization", "config": {"name": "conv_dw_7_bn", "trainable": true, "dtype": "float32", "axis": [3], "momentum": 0.99, "epsilon": 0.001, "center": true, "scale": true, "beta_initializer": {"class_name": "Zeros", "config": {"dtype": "float32"}}, "gamma_initializer": {"class_name": "Ones", "config": {"dtype": "float32"}}, "moving_mean_initializer": {"class_name": "Zeros", "config": {"dtype": "float32"}}, "moving_variance_initializer": {"class_name": "Ones", "config": {"dtype": "float32"}}, "beta_regularizer": null, "gamma_regularizer": null, "beta_constraint": null, "gamma_constraint": null}, "inbound_nodes": [[["conv_dw_7", 0, 0, {}]]]}, {"name": "conv_dw_7_relu", "class_name": "ReLU", "config": {"name": "conv_dw_7_relu", "trainable": true, "dtype": "float32", "max_value": 6, "negative_slope": {"type": "ndarray", "value": 0.0}, "threshold": {"type": "ndarray", "value": 0.0}}, "inbound_nodes": [[["conv_dw_7_bn", 0, 0, {}]]]}, {"name": "conv_pw_7", "class_name": "Conv2D", "config": {"name": "conv_pw_7", "trainable": true, "dtype": "float32", "filters": 512, "kernel_size": [1, 1], "strides": [1, 1], "padding": "same", "data_format": "channels_last", "dilation_rate": [1, 1], "activation": "linear", "use_bias": false, "kernel_initializer": {"class_name": "GlorotUniform", "config": {"seed": null, "dtype": "float32"}}, "bias_initializer": {"class_name": "Zeros", "config": {"dtype": "float32"}}, "kernel_regularizer": null, "bias_regularizer": null, "activity_regularizer": null, "kernel_constraint": null, "bias_constraint": null}, "inbound_nodes": [[["conv_dw_7_relu", 0, 0, {}]]]}, {"name": "conv_pw_7_bn", "class_name": "BatchNormalization", "config": {"name": "conv_pw_7_bn", "trainable": true, "dtype": "float32", "axis": [3], "momentum": 0.99, "epsilon": 0.001, "center": true, "scale": true, "beta_initializer": {"class_name": "Zeros", "config": {"dtype": "float32"}}, "gamma_initializer": {"class_name": "Ones", "config": {"dtype": "float32"}}, "moving_mean_initializer": {"class_name": "Zeros", "config": {"dtype": "float32"}}, "moving_variance_initializer": {"class_name": "Ones", "config": {"dtype": "float32"}}, "beta_regularizer": null, "gamma_regularizer": null, "beta_constraint": null, "gamma_constraint": null}, "inbound_nodes": [[["conv_pw_7", 0, 0, {}]]]}, {"name": "conv_pw_7_relu", "class_name": "ReLU", "config": {"name": "conv_pw_7_relu", "trainable": true, "dtype": "float32", "max_value": 6, "negative_slope": {"type": "ndarray", "value": 0.0}, "threshold": {"type": "ndarray", "value": 0.0}}, "inbound_nodes": [[["conv_pw_7_bn", 0, 0, {}]]]}, {"name": "conv_dw_8", "class_name": "DepthwiseConv2D", "config": {"name": "conv_dw_8", "trainable": true, "dtype": "float32", "kernel_size": [3, 3], "strides": [1, 1], "padding": "same", "data_format": "channels_last", "dilation_rate": [1, 1], "activation": "linear", "use_bias": false, "bias_initializer": {"class_name": "Zeros", "config": {"dtype": "float32"}}, "bias_regularizer": null, "activity_regularizer": null, "bias_constraint": null, "depth_multiplier": 1, "depthwise_initializer": {"class_name": "GlorotUniform", "config": {"seed": null, "dtype": "float32"}}, "depthwise_regularizer": null, "depthwise_constraint": null}, "inbound_nodes": [[["conv_pw_7_relu", 0, 0, {}]]]}, {"name": "conv_dw_8_bn", "class_name": "BatchNormalization", "config": {"name": "conv_dw_8_bn", "trainable": true, "dtype": "float32", "axis": [3], "momentum": 0.99, "epsilon": 0.001, "center": true, "scale": true, "beta_initializer": {"class_name": "Zeros", "config": {"dtype": "float32"}}, "gamma_initializer": {"class_name": "Ones", "config": {"dtype": "float32"}}, "moving_mean_initializer": {"class_name": "Zeros", "config": {"dtype": "float32"}}, "moving_variance_initializer": {"class_name": "Ones", "config": {"dtype": "float32"}}, "beta_regularizer": null, "gamma_regularizer": null, "beta_constraint": null, "gamma_constraint": null}, "inbound_nodes": [[["conv_dw_8", 0, 0, {}]]]}, {"name": "conv_dw_8_relu", "class_name": "ReLU", "config": {"name": "conv_dw_8_relu", "trainable": true, "dtype": "float32", "max_value": 6, "negative_slope": {"type": "ndarray", "value": 0.0}, "threshold": {"type": "ndarray", "value": 0.0}}, "inbound_nodes": [[["conv_dw_8_bn", 0, 0, {}]]]}, {"name": "conv_pw_8", "class_name": "Conv2D", "config": {"name": "conv_pw_8", "trainable": true, "dtype": "float32", "filters": 512, "kernel_size": [1, 1], "strides": [1, 1], "padding": "same", "data_format": "channels_last", "dilation_rate": [1, 1], "activation": "linear", "use_bias": false, "kernel_initializer": {"class_name": "GlorotUniform", "config": {"seed": null, "dtype": "float32"}}, "bias_initializer": {"class_name": "Zeros", "config": {"dtype": "float32"}}, "kernel_regularizer": null, "bias_regularizer": null, "activity_regularizer": null, "kernel_constraint": null, "bias_constraint": null}, "inbound_nodes": [[["conv_dw_8_relu", 0, 0, {}]]]}, {"name": "conv_pw_8_bn", "class_name": "BatchNormalization", "config": {"name": "conv_pw_8_bn", "trainable": true, "dtype": "float32", "axis": [3], "momentum": 0.99, "epsilon": 0.001, "center": true, "scale": true, "beta_initializer": {"class_name": "Zeros", "config": {"dtype": "float32"}}, "gamma_initializer": {"class_name": "Ones", "config": {"dtype": "float32"}}, "moving_mean_initializer": {"class_name": "Zeros", "config": {"dtype": "float32"}}, "moving_variance_initializer": {"class_name": "Ones", "config": {"dtype": "float32"}}, "beta_regularizer": null, "gamma_regularizer": null, "beta_constraint": null, "gamma_constraint": null}, "inbound_nodes": [[["conv_pw_8", 0, 0, {}]]]}, {"name": "conv_pw_8_relu", "class_name": "ReLU", "config": {"name": "conv_pw_8_relu", "trainable": true, "dtype": "float32", "max_value": 6, "negative_slope": {"type": "ndarray", "value": 0.0}, "threshold": {"type": "ndarray", "value": 0.0}}, "inbound_nodes": [[["conv_pw_8_bn", 0, 0, {}]]]}, {"name": "conv_dw_9", "class_name": "DepthwiseConv2D", "config": {"name": "conv_dw_9", "trainable": true, "dtype": "float32", "kernel_size": [3, 3], "strides": [1, 1], "padding": "same", "data_format": "channels_last", "dilation_rate": [1, 1], "activation": "linear", "use_bias": false, "bias_initializer": {"class_name": "Zeros", "config": {"dtype": "float32"}}, "bias_regularizer": null, "activity_regularizer": null, "bias_constraint": null, "depth_multiplier": 1, "depthwise_initializer": {"class_name": "GlorotUniform", "config": {"seed": null, "dtype": "float32"}}, "depthwise_regularizer": null, "depthwise_constraint": null}, "inbound_nodes": [[["conv_pw_8_relu", 0, 0, {}]]]}, {"name": "conv_dw_9_bn", "class_name": "BatchNormalization", "config": {"name": "conv_dw_9_bn", "trainable": true, "dtype": "float32", "axis": [3], "momentum": 0.99, "epsilon": 0.001, "center": true, "scale": true, "beta_initializer": {"class_name": "Zeros", "config": {"dtype": "float32"}}, "gamma_initializer": {"class_name": "Ones", "config": {"dtype": "float32"}}, "moving_mean_initializer": {"class_name": "Zeros", "config": {"dtype": "float32"}}, "moving_variance_initializer": {"class_name": "Ones", "config": {"dtype": "float32"}}, "beta_regularizer": null, "gamma_regularizer": null, "beta_constraint": null, "gamma_constraint": null}, "inbound_nodes": [[["conv_dw_9", 0, 0, {}]]]}, {"name": "conv_dw_9_relu", "class_name": "ReLU", "config": {"name": "conv_dw_9_relu", "trainable": true, "dtype": "float32", "max_value": 6, "negative_slope": {"type": "ndarray", "value": 0.0}, "threshold": {"type": "ndarray", "value": 0.0}}, "inbound_nodes": [[["conv_dw_9_bn", 0, 0, {}]]]}, {"name": "conv_pw_9", "class_name": "Conv2D", "config": {"name": "conv_pw_9", "trainable": true, "dtype": "float32", "filters": 512, "kernel_size": [1, 1], "strides": [1, 1], "padding": "same", "data_format": "channels_last", "dilation_rate": [1, 1], "activation": "linear", "use_bias": false, "kernel_initializer": {"class_name": "GlorotUniform", "config": {"seed": null, "dtype": "float32"}}, "bias_initializer": {"class_name": "Zeros", "config": {"dtype": "float32"}}, "kernel_regularizer": null, "bias_regularizer": null, "activity_regularizer": null, "kernel_constraint": null, "bias_constraint": null}, "inbound_nodes": [[["conv_dw_9_relu", 0, 0, {}]]]}, {"name": "conv_pw_9_bn", "class_name": "BatchNormalization", "config": {"name": "conv_pw_9_bn", "trainable": true, "dtype": "float32", "axis": [3], "momentum": 0.99, "epsilon": 0.001, "center": true, "scale": true, "beta_initializer": {"class_name": "Zeros", "config": {"dtype": "float32"}}, "gamma_initializer": {"class_name": "Ones", "config": {"dtype": "float32"}}, "moving_mean_initializer": {"class_name": "Zeros", "config": {"dtype": "float32"}}, "moving_variance_initializer": {"class_name": "Ones", "config": {"dtype": "float32"}}, "beta_regularizer": null, "gamma_regularizer": null, "beta_constraint": null, "gamma_constraint": null}, "inbound_nodes": [[["conv_pw_9", 0, 0, {}]]]}, {"name": "conv_pw_9_relu", "class_name": "ReLU", "config": {"name": "conv_pw_9_relu", "trainable": true, "dtype": "float32", "max_value": 6, "negative_slope": {"type": "ndarray", "value": 0.0}, "threshold": {"type": "ndarray", "value": 0.0}}, "inbound_nodes": [[["conv_pw_9_bn", 0, 0, {}]]]}, {"name": "conv_dw_10", "class_name": "DepthwiseConv2D", "config": {"name": "conv_dw_10", "trainable": true, "dtype": "float32", "kernel_size": [3, 3], "strides": [1, 1], "padding": "same", "data_format": "channels_last", "dilation_rate": [1, 1], "activation": "linear", "use_bias": false, "bias_initializer": {"class_name": "Zeros", "config": {"dtype": "float32"}}, "bias_regularizer": null, "activity_regularizer": null, "bias_constraint": null, "depth_multiplier": 1, "depthwise_initializer": {"class_name": "GlorotUniform", "config": {"seed": null, "dtype": "float32"}}, "depthwise_regularizer": null, "depthwise_constraint": null}, "inbound_nodes": [[["conv_pw_9_relu", 0, 0, {}]]]}, {"name": "conv_dw_10_bn", "class_name": "BatchNormalization", "config": {"name": "conv_dw_10_bn", "trainable": true, "dtype": "float32", "axis": [3], "momentum": 0.99, "epsilon": 0.001, "center": true, "scale": true, "beta_initializer": {"class_name": "Zeros", "config": {"dtype": "float32"}}, "gamma_initializer": {"class_name": "Ones", "config": {"dtype": "float32"}}, "moving_mean_initializer": {"class_name": "Zeros", "config": {"dtype": "float32"}}, "moving_variance_initializer": {"class_name": "Ones", "config": {"dtype": "float32"}}, "beta_regularizer": null, "gamma_regularizer": null, "beta_constraint": null, "gamma_constraint": null}, "inbound_nodes": [[["conv_dw_10", 0, 0, {}]]]}, {"name": "conv_dw_10_relu", "class_name": "ReLU", "config": {"name": "conv_dw_10_relu", "trainable": true, "dtype": "float32", "max_value": 6, "negative_slope": {"type": "ndarray", "value": 0.0}, "threshold": {"type": "ndarray", "value": 0.0}}, "inbound_nodes": [[["conv_dw_10_bn", 0, 0, {}]]]}, {"name": "conv_pw_10", "class_name": "Conv2D", "config": {"name": "conv_pw_10", "trainable": true, "dtype": "float32", "filters": 512, "kernel_size": [1, 1], "strides": [1, 1], "padding": "same", "data_format": "channels_last", "dilation_rate": [1, 1], "activation": "linear", "use_bias": false, "kernel_initializer": {"class_name": "GlorotUniform", "config": {"seed": null, "dtype": "float32"}}, "bias_initializer": {"class_name": "Zeros", "config": {"dtype": "float32"}}, "kernel_regularizer": null, "bias_regularizer": null, "activity_regularizer": null, "kernel_constraint": null, "bias_constraint": null}, "inbound_nodes": [[["conv_dw_10_relu", 0, 0, {}]]]}, {"name": "conv_pw_10_bn", "class_name": "BatchNormalization", "config": {"name": "conv_pw_10_bn", "trainable": true, "dtype": "float32", "axis": [3], "momentum": 0.99, "epsilon": 0.001, "center": true, "scale": true, "beta_initializer": {"class_name": "Zeros", "config": {"dtype": "float32"}}, "gamma_initializer": {"class_name": "Ones", "config": {"dtype": "float32"}}, "moving_mean_initializer": {"class_name": "Zeros", "config": {"dtype": "float32"}}, "moving_variance_initializer": {"class_name": "Ones", "config": {"dtype": "float32"}}, "beta_regularizer": null, "gamma_regularizer": null, "beta_constraint": null, "gamma_constraint": null}, "inbound_nodes": [[["conv_pw_10", 0, 0, {}]]]}, {"name": "conv_pw_10_relu", "class_name": "ReLU", "config": {"name": "conv_pw_10_relu", "trainable": true, "dtype": "float32", "max_value": 6, "negative_slope": {"type": "ndarray", "value": 0.0}, "threshold": {"type": "ndarray", "value": 0.0}}, "inbound_nodes": [[["conv_pw_10_bn", 0, 0, {}]]]}, {"name": "conv_dw_11", "class_name": "DepthwiseConv2D", "config": {"name": "conv_dw_11", "trainable": true, "dtype": "float32", "kernel_size": [3, 3], "strides": [1, 1], "padding": "same", "data_format": "channels_last", "dilation_rate": [1, 1], "activation": "linear", "use_bias": false, "bias_initializer": {"class_name": "Zeros", "config": {"dtype": "float32"}}, "bias_regularizer": null, "activity_regularizer": null, "bias_constraint": null, "depth_multiplier": 1, "depthwise_initializer": {"class_name": "GlorotUniform", "config": {"seed": null, "dtype": "float32"}}, "depthwise_regularizer": null, "depthwise_constraint": null}, "inbound_nodes": [[["conv_pw_10_relu", 0, 0, {}]]]}, {"name": "conv_dw_11_bn", "class_name": "BatchNormalization", "config": {"name": "conv_dw_11_bn", "trainable": true, "dtype": "float32", "axis": [3], "momentum": 0.99, "epsilon": 0.001, "center": true, "scale": true, "beta_initializer": {"class_name": "Zeros", "config": {"dtype": "float32"}}, "gamma_initializer": {"class_name": "Ones", "config": {"dtype": "float32"}}, "moving_mean_initializer": {"class_name": "Zeros", "config": {"dtype": "float32"}}, "moving_variance_initializer": {"class_name": "Ones", "config": {"dtype": "float32"}}, "beta_regularizer": null, "gamma_regularizer": null, "beta_constraint": null, "gamma_constraint": null}, "inbound_nodes": [[["conv_dw_11", 0, 0, {}]]]}, {"name": "conv_dw_11_relu", "class_name": "ReLU", "config": {"name": "conv_dw_11_relu", "trainable": true, "dtype": "float32", "max_value": 6, "negative_slope": {"type": "ndarray", "value": 0.0}, "threshold": {"type": "ndarray", "value": 0.0}}, "inbound_nodes": [[["conv_dw_11_bn", 0, 0, {}]]]}, {"name": "conv_pw_11", "class_name": "Conv2D", "config": {"name": "conv_pw_11", "trainable": true, "dtype": "float32", "filters": 512, "kernel_size": [1, 1], "strides": [1, 1], "padding": "same", "data_format": "channels_last", "dilation_rate": [1, 1], "activation": "linear", "use_bias": false, "kernel_initializer": {"class_name": "GlorotUniform", "config": {"seed": null, "dtype": "float32"}}, "bias_initializer": {"class_name": "Zeros", "config": {"dtype": "float32"}}, "kernel_regularizer": null, "bias_regularizer": null, "activity_regularizer": null, "kernel_constraint": null, "bias_constraint": null}, "inbound_nodes": [[["conv_dw_11_relu", 0, 0, {}]]]}, {"name": "conv_pw_11_bn", "class_name": "BatchNormalization", "config": {"name": "conv_pw_11_bn", "trainable": true, "dtype": "float32", "axis": [3], "momentum": 0.99, "epsilon": 0.001, "center": true, "scale": true, "beta_initializer": {"class_name": "Zeros", "config": {"dtype": "float32"}}, "gamma_initializer": {"class_name": "Ones", "config": {"dtype": "float32"}}, "moving_mean_initializer": {"class_name": "Zeros", "config": {"dtype": "float32"}}, "moving_variance_initializer": {"class_name": "Ones", "config": {"dtype": "float32"}}, "beta_regularizer": null, "gamma_regularizer": null, "beta_constraint": null, "gamma_constraint": null}, "inbound_nodes": [[["conv_pw_11", 0, 0, {}]]]}, {"name": "conv_pw_11_relu", "class_name": "ReLU", "config": {"name": "conv_pw_11_relu", "trainable": true, "dtype": "float32", "max_value": 6, "negative_slope": {"type": "ndarray", "value": 0.0}, "threshold": {"type": "ndarray", "value": 0.0}}, "inbound_nodes": [[["conv_pw_11_bn", 0, 0, {}]]]}, {"name": "conv_pad_12", "class_name": "ZeroPadding2D", "config": {"name": "conv_pad_12", "trainable": true, "dtype": "float32", "padding": [[0, 1], [0, 1]], "data_format": "channels_last"}, "inbound_nodes": [[["conv_pw_11_relu", 0, 0, {}]]]}, {"name": "conv_dw_12", "class_name": "DepthwiseConv2D", "config": {"name": "conv_dw_12", "trainable": true, "dtype": "float32", "kernel_size": [3, 3], "strides": [2, 2], "padding": "valid", "data_format": "channels_last", "dilation_rate": [1, 1], "activation": "linear", "use_bias": false, "bias_initializer": {"class_name": "Zeros", "config": {"dtype": "float32"}}, "bias_regularizer": null, "activity_regularizer": null, "bias_constraint": null, "depth_multiplier": 1, "depthwise_initializer": {"class_name": "GlorotUniform", "config": {"seed": null, "dtype": "float32"}}, "depthwise_regularizer": null, "depthwise_constraint": null}, "inbound_nodes": [[["conv_pad_12", 0, 0, {}]]]}, {"name": "conv_dw_12_bn", "class_name": "BatchNormalization", "config": {"name": "conv_dw_12_bn", "trainable": true, "dtype": "float32", "axis": [3], "momentum": 0.99, "epsilon": 0.001, "center": true, "scale": true, "beta_initializer": {"class_name": "Zeros", "config": {"dtype": "float32"}}, "gamma_initializer": {"class_name": "Ones", "config": {"dtype": "float32"}}, "moving_mean_initializer": {"class_name": "Zeros", "config": {"dtype": "float32"}}, "moving_variance_initializer": {"class_name": "Ones", "config": {"dtype": "float32"}}, "beta_regularizer": null, "gamma_regularizer": null, "beta_constraint": null, "gamma_constraint": null}, "inbound_nodes": [[["conv_dw_12", 0, 0, {}]]]}, {"name": "conv_dw_12_relu", "class_name": "ReLU", "config": {"name": "conv_dw_12_relu", "trainable": true, "dtype": "float32", "max_value": 6, "negative_slope": {"type": "ndarray", "value": 0.0}, "threshold": {"type": "ndarray", "value": 0.0}}, "inbound_nodes": [[["conv_dw_12_bn", 0, 0, {}]]]}, {"name": "conv_pw_12", "class_name": "Conv2D", "config": {"name": "conv_pw_12", "trainable": true, "dtype": "float32", "filters": 1024, "kernel_size": [1, 1], "strides": [1, 1], "padding": "same", "data_format": "channels_last", "dilation_rate": [1, 1], "activation": "linear", "use_bias": false, "kernel_initializer": {"class_name": "GlorotUniform", "config": {"seed": null, "dtype": "float32"}}, "bias_initializer": {"class_name": "Zeros", "config": {"dtype": "float32"}}, "kernel_regularizer": null, "bias_regularizer": null, "activity_regularizer": null, "kernel_constraint": null, "bias_constraint": null}, "inbound_nodes": [[["conv_dw_12_relu", 0, 0, {}]]]}, {"name": "conv_pw_12_bn", "class_name": "BatchNormalization", "config": {"name": "conv_pw_12_bn", "trainable": true, "dtype": "float32", "axis": [3], "momentum": 0.99, "epsilon": 0.001, "center": true, "scale": true, "beta_initializer": {"class_name": "Zeros", "config": {"dtype": "float32"}}, "gamma_initializer": {"class_name": "Ones", "config": {"dtype": "float32"}}, "moving_mean_initializer": {"class_name": "Zeros", "config": {"dtype": "float32"}}, "moving_variance_initializer": {"class_name": "Ones", "config": {"dtype": "float32"}}, "beta_regularizer": null, "gamma_regularizer": null, "beta_constraint": null, "gamma_constraint": null}, "inbound_nodes": [[["conv_pw_12", 0, 0, {}]]]}, {"name": "conv_pw_12_relu", "class_name": "ReLU", "config": {"name": "conv_pw_12_relu", "trainable": true, "dtype": "float32", "max_value": 6, "negative_slope": {"type": "ndarray", "value": 0.0}, "threshold": {"type": "ndarray", "value": 0.0}}, "inbound_nodes": [[["conv_pw_12_bn", 0, 0, {}]]]}, {"name": "conv_dw_13", "class_name": "DepthwiseConv2D", "config": {"name": "conv_dw_13", "trainable": true, "dtype": "float32", "kernel_size": [3, 3], "strides": [1, 1], "padding": "same", "data_format": "channels_last", "dilation_rate": [1, 1], "activation": "linear", "use_bias": false, "bias_initializer": {"class_name": "Zeros", "config": {"dtype": "float32"}}, "bias_regularizer": null, "activity_regularizer": null, "bias_constraint": null, "depth_multiplier": 1, "depthwise_initializer": {"class_name": "GlorotUniform", "config": {"seed": null, "dtype": "float32"}}, "depthwise_regularizer": null, "depthwise_constraint": null}, "inbound_nodes": [[["conv_pw_12_relu", 0, 0, {}]]]}, {"name": "conv_dw_13_bn", "class_name": "BatchNormalization", "config": {"name": "conv_dw_13_bn", "trainable": true, "dtype": "float32", "axis": [3], "momentum": 0.99, "epsilon": 0.001, "center": true, "scale": true, "beta_initializer": {"class_name": "Zeros", "config": {"dtype": "float32"}}, "gamma_initializer": {"class_name": "Ones", "config": {"dtype": "float32"}}, "moving_mean_initializer": {"class_name": "Zeros", "config": {"dtype": "float32"}}, "moving_variance_initializer": {"class_name": "Ones", "config": {"dtype": "float32"}}, "beta_regularizer": null, "gamma_regularizer": null, "beta_constraint": null, "gamma_constraint": null}, "inbound_nodes": [[["conv_dw_13", 0, 0, {}]]]}, {"name": "conv_dw_13_relu", "class_name": "ReLU", "config": {"name": "conv_dw_13_relu", "trainable": true, "dtype": "float32", "max_value": 6, "negative_slope": {"type": "ndarray", "value": 0.0}, "threshold": {"type": "ndarray", "value": 0.0}}, "inbound_nodes": [[["conv_dw_13_bn", 0, 0, {}]]]}, {"name": "conv_pw_13", "class_name": "Conv2D", "config": {"name": "conv_pw_13", "trainable": true, "dtype": "float32", "filters": 1024, "kernel_size": [1, 1], "strides": [1, 1], "padding": "same", "data_format": "channels_last", "dilation_rate": [1, 1], "activation": "linear", "use_bias": false, "kernel_initializer": {"class_name": "GlorotUniform", "config": {"seed": null, "dtype": "float32"}}, "bias_initializer": {"class_name": "Zeros", "config": {"dtype": "float32"}}, "kernel_regularizer": null, "bias_regularizer": null, "activity_regularizer": null, "kernel_constraint": null, "bias_constraint": null}, "inbound_nodes": [[["conv_dw_13_relu", 0, 0, {}]]]}, {"name": "conv_pw_13_bn", "class_name": "BatchNormalization", "config": {"name": "conv_pw_13_bn", "trainable": true, "dtype": "float32", "axis": [3], "momentum": 0.99, "epsilon": 0.001, "center": true, "scale": true, "beta_initializer": {"class_name": "Zeros", "config": {"dtype": "float32"}}, "gamma_initializer": {"class_name": "Ones", "config": {"dtype": "float32"}}, "moving_mean_initializer": {"class_name": "Zeros", "config": {"dtype": "float32"}}, "moving_variance_initializer": {"class_name": "Ones", "config": {"dtype": "float32"}}, "beta_regularizer": null, "gamma_regularizer": null, "beta_constraint": null, "gamma_constraint": null}, "inbound_nodes": [[["conv_pw_13", 0, 0, {}]]]}, {"name": "conv_pw_13_relu", "class_name": "ReLU", "config": {"name": "conv_pw_13_relu", "trainable": true, "dtype": "float32", "max_value": 6, "negative_slope": {"type": "ndarray", "value": 0.0}, "threshold": {"type": "ndarray", "value": 0.0}}, "inbound_nodes": [[["conv_pw_13_bn", 0, 0, {}]]]}, {"name": "global_average_pooling2d_1", "class_name": "GlobalAveragePooling2D", "config": {"name": "global_average_pooling2d_1", "trainable": true, "dtype": "float32", "data_format": "channels_last"}, "inbound_nodes": [[["conv_pw_13_relu", 0, 0, {}]]]}, {"name": "dense", "class_name": "Dense", "config": {"name": "dense", "trainable": true, "dtype": "float32", "units": 1024, "activation": "relu", "use_bias": true, "kernel_initializer": {"class_name": "GlorotUniform", "config": {"seed": null, "dtype": "float32"}}, "bias_initializer": {"class_name": "Zeros", "config": {"dtype": "float32"}}, "kernel_regularizer": null, "bias_regularizer": null, "activity_regularizer": null, "kernel_constraint": null, "bias_constraint": null}, "inbound_nodes": [[["global_average_pooling2d_1", 0, 0, {}]]]}, {"name": "dense_1", "class_name": "Dense", "config": {"name": "dense_1", "trainable": true, "dtype": "float32", "units": 1024, "activation": "relu", "use_bias": true, "kernel_initializer": {"class_name": "GlorotUniform", "config": {"seed": null, "dtype": "float32"}}, "bias_initializer": {"class_name": "Zeros", "config": {"dtype": "float32"}}, "kernel_regularizer": null, "bias_regularizer": null, "activity_regularizer": null, "kernel_constraint": null, "bias_constraint": null}, "inbound_nodes": [[["dense", 0, 0, {}]]]}, {"name": "dense_2", "class_name": "Dense", "config": {"name": "dense_2", "trainable": true, "dtype": "float32", "units": 512, "activation": "relu", "use_bias": true, "kernel_initializer": {"class_name": "GlorotUniform", "config": {"seed": null, "dtype": "float32"}}, "bias_initializer": {"class_name": "Zeros", "config": {"dtype": "float32"}}, "kernel_regularizer": null, "bias_regularizer": null, "activity_regularizer": null, "kernel_constraint": null, "bias_constraint": null}, "inbound_nodes": [[["dense_1", 0, 0, {}]]]}, {"name": "dense_3", "class_name": "Dense", "config": {"name": "dense_3", "trainable": true, "dtype": "float32", "units": 4, "activation": "relu", "use_bias": true, "kernel_initializer": {"class_name": "GlorotUniform", "config": {"seed": null, "dtype": "float32"}}, "bias_initializer": {"class_name": "Zeros", "config": {"dtype": "float32"}}, "kernel_regularizer": null, "bias_regularizer": null, "activity_regularizer": null, "kernel_constraint": null, "bias_constraint": null}, "inbound_nodes": [[["dense_2", 0, 0, {}]]]}], "input_layers": [["input_2", 0, 0]], "output_layers": [["dense_3", 0, 0]]}}, "training_config": {"optimizer_config": {"class_name": "Adam", "config": {"lr": 0.0010000000474974513, "beta_1": 0.8999999761581421, "beta_2": 0.9990000128746033, "decay": 0.0, "epsilon": 1e-07, "amsgrad": false}}, "loss": "categorical_crossentropy", "metrics": ["accuracy"], "weighted_metrics": null, "sample_weight_mode": null, "loss_weights": null}}, "weightsManifest": [{"paths": ["group1-shard1of6", "group1-shard2of6", "group1-shard3of6", "group1-shard4of6", "group1-shard5of6", "group1-shard6of6"], "weights": [{"name": "conv1_1/kernel", "shape": [3, 3, 3, 32], "dtype": "float32"}, {"name": "conv1_bn_1/gamma", "shape": [32], "dtype": "float32"}, {"name": "conv1_bn_1/beta", "shape": [32], "dtype": "float32"}, {"name": "conv1_bn_1/moving_mean", "shape": [32], "dtype": "float32"}, {"name": "conv1_bn_1/moving_variance", "shape": [32], "dtype": "float32"}, {"name": "conv_dw_1_1/depthwise_kernel", "shape": [3, 3, 32, 1], "dtype": "float32"}, {"name": "conv_dw_10_1/depthwise_kernel", "shape": [3, 3, 512, 1], "dtype": "float32"}, {"name": "conv_dw_10_bn_1/gamma", "shape": [512], "dtype": "float32"}, {"name": "conv_dw_10_bn_1/beta", "shape": [512], "dtype": "float32"}, {"name": "conv_dw_10_bn_1/moving_mean", "shape": [512], "dtype": "float32"}, {"name": "conv_dw_10_bn_1/moving_variance", "shape": [512], "dtype": "float32"}, {"name": "conv_dw_11_1/depthwise_kernel", "shape": [3, 3, 512, 1], "dtype": "float32"}, {"name": "conv_dw_11_bn_1/gamma", "shape": [512], "dtype": "float32"}, {"name": "conv_dw_11_bn_1/beta", "shape": [512], "dtype": "float32"}, {"name": "conv_dw_11_bn_1/moving_mean", "shape": [512], "dtype": "float32"}, {"name": "conv_dw_11_bn_1/moving_variance", "shape": [512], "dtype": "float32"}, {"name": "conv_dw_12_1/depthwise_kernel", "shape": [3, 3, 512, 1], "dtype": "float32"}, {"name": "conv_dw_12_bn_1/gamma", "shape": [512], "dtype": "float32"}, {"name": "conv_dw_12_bn_1/beta", "shape": [512], "dtype": "float32"}, {"name": "conv_dw_12_bn_1/moving_mean", "shape": [512], "dtype": "float32"}, {"name": "conv_dw_12_bn_1/moving_variance", "shape": [512], "dtype": "float32"}, {"name": "conv_dw_13_1/depthwise_kernel", "shape": [3, 3, 1024, 1], "dtype": "float32"}, {"name": "conv_dw_13_bn_1/gamma", "shape": [1024], "dtype": "float32"}, {"name": "conv_dw_13_bn_1/beta", "shape": [1024], "dtype": "float32"}, {"name": "conv_dw_13_bn_1/moving_mean", "shape": [1024], "dtype": "float32"}, {"name": "conv_dw_13_bn_1/moving_variance", "shape": [1024], "dtype": "float32"}, {"name": "conv_dw_1_bn_1/gamma", "shape": [32], "dtype": "float32"}, {"name": "conv_dw_1_bn_1/beta", "shape": [32], "dtype": "float32"}, {"name": "conv_dw_1_bn_1/moving_mean", "shape": [32], "dtype": "float32"}, {"name": "conv_dw_1_bn_1/moving_variance", "shape": [32], "dtype": "float32"}, {"name": "conv_dw_2_1/depthwise_kernel", "shape": [3, 3, 64, 1], "dtype": "float32"}, {"name": "conv_dw_2_bn_1/gamma", "shape": [64], "dtype": "float32"}, {"name": "conv_dw_2_bn_1/beta", "shape": [64], "dtype": "float32"}, {"name": "conv_dw_2_bn_1/moving_mean", "shape": [64], "dtype": "float32"}, {"name": "conv_dw_2_bn_1/moving_variance", "shape": [64], "dtype": "float32"}, {"name": "conv_dw_3_1/depthwise_kernel", "shape": [3, 3, 128, 1], "dtype": "float32"}, {"name": "conv_dw_3_bn_1/gamma", "shape": [128], "dtype": "float32"}, {"name": "conv_dw_3_bn_1/beta", "shape": [128], "dtype": "float32"}, {"name": "conv_dw_3_bn_1/moving_mean", "shape": [128], "dtype": "float32"}, {"name": "conv_dw_3_bn_1/moving_variance", "shape": [128], "dtype": "float32"}, {"name": "conv_dw_4_1/depthwise_kernel", "shape": [3, 3, 128, 1], "dtype": "float32"}, {"name": "conv_dw_4_bn_1/gamma", "shape": [128], "dtype": "float32"}, {"name": "conv_dw_4_bn_1/beta", "shape": [128], "dtype": "float32"}, {"name": "conv_dw_4_bn_1/moving_mean", "shape": [128], "dtype": "float32"}, {"name": "conv_dw_4_bn_1/moving_variance", "shape": [128], "dtype": "float32"}, {"name": "conv_dw_5_1/depthwise_kernel", "shape": [3, 3, 256, 1], "dtype": "float32"}, {"name": "conv_dw_5_bn_1/gamma", "shape": [256], "dtype": "float32"}, {"name": "conv_dw_5_bn_1/beta", "shape": [256], "dtype": "float32"}, {"name": "conv_dw_5_bn_1/moving_mean", "shape": [256], "dtype": "float32"}, {"name": "conv_dw_5_bn_1/moving_variance", "shape": [256], "dtype": "float32"}, {"name": "conv_dw_6_1/depthwise_kernel", "shape": [3, 3, 256, 1], "dtype": "float32"}, {"name": "conv_dw_6_bn_1/gamma", "shape": [256], "dtype": "float32"}, {"name": "conv_dw_6_bn_1/beta", "shape": [256], "dtype": "float32"}, {"name": "conv_dw_6_bn_1/moving_mean", "shape": [256], "dtype": "float32"}, {"name": "conv_dw_6_bn_1/moving_variance", "shape": [256], "dtype": "float32"}, {"name": "conv_dw_7_1/depthwise_kernel", "shape": [3, 3, 512, 1], "dtype": "float32"}, {"name": "conv_dw_7_bn_1/gamma", "shape": [512], "dtype": "float32"}, {"name": "conv_dw_7_bn_1/beta", "shape": [512], "dtype": "float32"}, {"name": "conv_dw_7_bn_1/moving_mean", "shape": [512], "dtype": "float32"}, {"name": "conv_dw_7_bn_1/moving_variance", "shape": [512], "dtype": "float32"}, {"name": "conv_dw_8_1/depthwise_kernel", "shape": [3, 3, 512, 1], "dtype": "float32"}, {"name": "conv_dw_8_bn_1/gamma", "shape": [512], "dtype": "float32"}, {"name": "conv_dw_8_bn_1/beta", "shape": [512], "dtype": "float32"}, {"name": "conv_dw_8_bn_1/moving_mean", "shape": [512], "dtype": "float32"}, {"name": "conv_dw_8_bn_1/moving_variance", "shape": [512], "dtype": "float32"}, {"name": "conv_dw_9_1/depthwise_kernel", "shape": [3, 3, 512, 1], "dtype": "float32"}, {"name": "conv_dw_9_bn_1/gamma", "shape": [512], "dtype": "float32"}, {"name": "conv_dw_9_bn_1/beta", "shape": [512], "dtype": "float32"}, {"name": "conv_dw_9_bn_1/moving_mean", "shape": [512], "dtype": "float32"}, {"name": "conv_dw_9_bn_1/moving_variance", "shape": [512], "dtype": "float32"}, {"name": "conv_pw_1_1/kernel", "shape": [1, 1, 32, 64], "dtype": "float32"}, {"name": "conv_pw_10_1/kernel", "shape": [1, 1, 512, 512], "dtype": "float32"}, {"name": "conv_pw_10_bn_1/gamma", "shape": [512], "dtype": "float32"}, {"name": "conv_pw_10_bn_1/beta", "shape": [512], "dtype": "float32"}, {"name": "conv_pw_10_bn_1/moving_mean", "shape": [512], "dtype": "float32"}, {"name": "conv_pw_10_bn_1/moving_variance", "shape": [512], "dtype": "float32"}, {"name": "conv_pw_11_1/kernel", "shape": [1, 1, 512, 512], "dtype": "float32"}, {"name": "conv_pw_11_bn_1/gamma", "shape": [512], "dtype": "float32"}, {"name": "conv_pw_11_bn_1/beta", "shape": [512], "dtype": "float32"}, {"name": "conv_pw_11_bn_1/moving_mean", "shape": [512], "dtype": "float32"}, {"name": "conv_pw_11_bn_1/moving_variance", "shape": [512], "dtype": "float32"}, {"name": "conv_pw_12_1/kernel", "shape": [1, 1, 512, 1024], "dtype": "float32"}, {"name": "conv_pw_12_bn_1/gamma", "shape": [1024], "dtype": "float32"}, {"name": "conv_pw_12_bn_1/beta", "shape": [1024], "dtype": "float32"}, {"name": "conv_pw_12_bn_1/moving_mean", "shape": [1024], "dtype": "float32"}, {"name": "conv_pw_12_bn_1/moving_variance", "shape": [1024], "dtype": "float32"}, {"name": "conv_pw_13_1/kernel", "shape": [1, 1, 1024, 1024], "dtype": "float32"}, {"name": "conv_pw_13_bn_1/gamma", "shape": [1024], "dtype": "float32"}, {"name": "conv_pw_13_bn_1/beta", "shape": [1024], "dtype": "float32"}, {"name": "conv_pw_13_bn_1/moving_mean", "shape": [1024], "dtype": "float32"}, {"name": "conv_pw_13_bn_1/moving_variance", "shape": [1024], "dtype": "float32"}, {"name": "conv_pw_1_bn_1/gamma", "shape": [64], "dtype": "float32"}, {"name": "conv_pw_1_bn_1/beta", "shape": [64], "dtype": "float32"}, {"name": "conv_pw_1_bn_1/moving_mean", "shape": [64], "dtype": "float32"}, {"name": "conv_pw_1_bn_1/moving_variance", "shape": [64], "dtype": "float32"}, {"name": "conv_pw_2_1/kernel", "shape": [1, 1, 64, 128], "dtype": "float32"}, {"name": "conv_pw_2_bn_1/gamma", "shape": [128], "dtype": "float32"}, {"name": "conv_pw_2_bn_1/beta", "shape": [128], "dtype": "float32"}, {"name": "conv_pw_2_bn_1/moving_mean", "shape": [128], "dtype": "float32"}, {"name": "conv_pw_2_bn_1/moving_variance", "shape": [128], "dtype": "float32"}, {"name": "conv_pw_3_1/kernel", "shape": [1, 1, 128, 128], "dtype": "float32"}, {"name": "conv_pw_3_bn_1/gamma", "shape": [128], "dtype": "float32"}, {"name": "conv_pw_3_bn_1/beta", "shape": [128], "dtype": "float32"}, {"name": "conv_pw_3_bn_1/moving_mean", "shape": [128], "dtype": "float32"}, {"name": "conv_pw_3_bn_1/moving_variance", "shape": [128], "dtype": "float32"}, {"name": "conv_pw_4_1/kernel", "shape": [1, 1, 128, 256], "dtype": "float32"}, {"name": "conv_pw_4_bn_1/gamma", "shape": [256], "dtype": "float32"}, {"name": "conv_pw_4_bn_1/beta", "shape": [256], "dtype": "float32"}, {"name": "conv_pw_4_bn_1/moving_mean", "shape": [256], "dtype": "float32"}, {"name": "conv_pw_4_bn_1/moving_variance", "shape": [256], "dtype": "float32"}, {"name": "conv_pw_5_1/kernel", "shape": [1, 1, 256, 256], "dtype": "float32"}, {"name": "conv_pw_5_bn_1/gamma", "shape": [256], "dtype": "float32"}, {"name": "conv_pw_5_bn_1/beta", "shape": [256], "dtype": "float32"}, {"name": "conv_pw_5_bn_1/moving_mean", "shape": [256], "dtype": "float32"}, {"name": "conv_pw_5_bn_1/moving_variance", "shape": [256], "dtype": "float32"}, {"name": "conv_pw_6_1/kernel", "shape": [1, 1, 256, 512], "dtype": "float32"}, {"name": "conv_pw_6_bn_1/gamma", "shape": [512], "dtype": "float32"}, {"name": "conv_pw_6_bn_1/beta", "shape": [512], "dtype": "float32"}, {"name": "conv_pw_6_bn_1/moving_mean", "shape": [512], "dtype": "float32"}, {"name": "conv_pw_6_bn_1/moving_variance", "shape": [512], "dtype": "float32"}, {"name": "conv_pw_7_1/kernel", "shape": [1, 1, 512, 512], "dtype": "float32"}, {"name": "conv_pw_7_bn_1/gamma", "shape": [512], "dtype": "float32"}, {"name": "conv_pw_7_bn_1/beta", "shape": [512], "dtype": "float32"}, {"name": "conv_pw_7_bn_1/moving_mean", "shape": [512], "dtype": "float32"}, {"name": "conv_pw_7_bn_1/moving_variance", "shape": [512], "dtype": "float32"}, {"name": "conv_pw_8_1/kernel", "shape": [1, 1, 512, 512], "dtype": "float32"}, {"name": "conv_pw_8_bn_1/gamma", "shape": [512], "dtype": "float32"}, {"name": "conv_pw_8_bn_1/beta", "shape": [512], "dtype": "float32"}, {"name": "conv_pw_8_bn_1/moving_mean", "shape": [512], "dtype": "float32"}, {"name": "conv_pw_8_bn_1/moving_variance", "shape": [512], "dtype": "float32"}, {"name": "conv_pw_9_1/kernel", "shape": [1, 1, 512, 512], "dtype": "float32"}, {"name": "conv_pw_9_bn_1/gamma", "shape": [512], "dtype": "float32"}, {"name": "conv_pw_9_bn_1/beta", "shape": [512], "dtype": "float32"}, {"name": "conv_pw_9_bn_1/moving_mean", "shape": [512], "dtype": "float32"}, {"name": "conv_pw_9_bn_1/moving_variance", "shape": [512], "dtype": "float32"}, {"name": "dense/kernel", "shape": [1024, 1024], "dtype": "float32"}, {"name": "dense/bias", "shape": [1024], "dtype": "float32"}, {"name": "dense_1/kernel", "shape": [1024, 1024], "dtype": "float32"}, {"name": "dense_1/bias", "shape": [1024], "dtype": "float32"}, {"name": "dense_2/kernel", "shape": [1024, 512], "dtype": "float32"}, {"name": "dense_2/bias", "shape": [512], "dtype": "float32"}, {"name": "dense_3/kernel", "shape": [512, 4], "dtype": "float32"}, {"name": "dense_3/bias", "shape": [4], "dtype": "float32"}]}]}